{"latency_s":0.31819844245910645,"request_type":"harmonize","total_steps":15,"_wandb":{"runtime":71},"_timestamp":1.7646993547130187e+09,"_runtime":71,"ram_peak_gb":13.004619598388672,"gpu_mem_peak_gb":4.850272178649902,"_step":0,"resolution":"768x768"}