{"_wandb":{"runtime":883},"cpu_usage_avg_percent":33.42087912087912,"ram_avg_gb":8.360248188396076,"estimated_tflops_total":0.043875,"gpu_util_percent":0,"ram_start_gb":8.333847045898438,"estimated_tflops_per_sec":0.002044765799287485,"prompt":"seamless blending, smooth edges, anti-aliased, coherent lighting, realistic shadows, high quality","gpu_mem_peak_gb":6.220801830291748,"latency_s":21.45722508430481,"request_type":"harmonize","_step":4,"total_steps":15,"_timestamp":1.7647032047457776e+09,"resolution":"768x768","_runtime":883,"ram_peak_gb":8.390384674072266}