{"estimated_tflops_total":0.208,"cpu_usage_avg_percent":8.6,"ram_peak_gb":13.719196319580078,"_runtime":1043,"ram_avg_gb":13.682036933898926,"estimated_tflops_per_sec":0.020687134067432382,"gpu_util_percent":0,"_wandb":{"runtime":1043},"gpu_mem_peak_gb":10.18934154510498,"use_refiner":false,"ram_start_gb":13.709850311279297,"_timestamp":1.7649626559264648e+09,"prompt":"Let the zebra sit.","request_type":"smart_fill","_step":34,"total_steps":40,"latency_s":10.054558515548706}