{"ram_start_gb":9.754070281982422,"gpu_mem_peak_gb":6.220801830291748,"ram_peak_gb":9.75454330444336,"_runtime":410,"ram_avg_gb":9.715341110229492,"total_steps":15,"gpu_util_percent":0,"_wandb":{"runtime":410},"resolution":"768x768","cpu_usage_avg_percent":7.45,"latency_s":13.760615825653076,"request_type":"harmonize","_timestamp":1.7647013782687578e+09,"_step":4,"prompt":"seamless blending, smooth edges, anti-aliased, coherent lighting, realistic shadows, high quality","estimated_tflops_total":0.043875,"estimated_tflops_per_sec":0.0031884474180440756}