{"gpu_util_percent":0,"ram_start_gb":12.4246826171875,"request_type":"smart_fill","cpu_usage_avg_percent":7.573837209302326,"_runtime":822,"estimated_tflops_total":0.156,"prompt":"make it a red brick wall","estimated_tflops_per_sec":0.009038556582496745,"latency_s":17.259392976760864,"_step":2,"ram_avg_gb":12.405365367268407,"gpu_mem_peak_gb":7.308955669403076,"total_steps":30,"_wandb":{"runtime":822},"resolution":"768x768","_timestamp":1.76469824761462e+09,"ram_peak_gb":12.452812194824219}