{"resolution":"768x768","request_type":"harmonize","gpu_mem_peak_gb":6.220801830291748,"_wandb":{"runtime":399},"_step":2,"total_steps":15,"ram_peak_gb":12.673324584960938,"_timestamp":1.7646998684438543e+09,"_runtime":399,"latency_s":15.60000228881836}